{
  "additionalProperties": false,
  "$schema": "http://json-schema.org/schema#",
  "required": [
    "errors",
    "code",
    "message"
  ],
  "type": "object",
  "properties": {
    "code": {
      "type":"string",
      "description":"unique machine readable error code",
      "minLength":1,
      "maxLength":160
    },
    "message": {
      "type":"string",
      "description":"human readable error message",
      "minLength":1,
      "maxLength":160
    },
    "caseType": {
      "type":"string",
      "enum": ["Risk", "Repayment"]
    },
    "errors": {
      "minItems": 1,
      "uniqueItems": true,
      "type": "array",
      "items": {
        "additionalProperties": false,
        "required": [
          "code",
          "message"
        ],
        "type": "object",
        "properties": {
          "message": {
            "minLength": 1,
            "type": "string",
            "description": "A simple description for the error",
            "maxLength": 160
          },
          "code": {
            "pattern": "^[0-9]{3}$",
            "type": "string",
            "description": "Keys for all the errors returned"
          },
          "path": {
            "type": "string"
          }
        }
      }
    }
  }
}